{"cameraMode":{"drawMode":0,"name":"Shaded","section":"Shading Mode"},"sceneLighting":false,"audioPlay":false,"sceneViewState":{"showFog":true,"showMaterialUpdate":false,"showSkybox":true,"showFlares":true,"showImageEffects":true,"showParticleSystems":true},"in2DMode":false,"pivot":{"x":-5.685330390930176,"y":-0.5015749335289002,"z":0.9427396059036255},"rotation":{"x":-0.11290247738361359,"y":0.44005388021469118,"z":-0.055880047380924228,"w":-0.8890911936759949},"size":28.811979293823243,"orthographic":false}